"date","INDPRO","CPI","UNEMP"
"1947-01-01",14.1973,21.48,NA
"1947-02-01",14.2811,21.62,NA
"1947-03-01",14.365,22.0,NA
"1947-04-01",14.2532,22.0,NA
"1947-05-01",14.3091,21.95,NA
"1947-06-01",14.3091,22.08,NA
"1947-07-01",14.2253,22.23,NA
"1947-08-01",14.3091,22.4,NA
"1947-09-01",14.4209,22.84,NA
"1947-10-01",14.5606,22.91,NA
"1947-11-01",14.7562,23.06,NA
"1947-12-01",14.8121,23.41,NA
"1948-01-01",14.896,23.68,3.4
"1948-02-01",14.924,23.67,3.8
"1948-03-01",14.7563,23.5,4.0
"1948-04-01",14.7842,23.82,3.9
"1948-05-01",15.0357,24.01,3.5
"1948-06-01",15.2313,24.15,3.6
"1948-07-01",15.2314,24.4,3.6
"1948-08-01",15.1755,24.43,3.9
"1948-09-01",15.0637,24.36,3.8
"1948-10-01",15.1755,24.31,3.7
"1948-11-01",14.9798,24.16,3.8
"1948-12-01",14.8401,24.05,4.0
"1949-01-01",14.7004,24.01,4.3
"1949-02-01",14.5606,23.91,4.7
"1949-03-01",14.2811,23.91,5.0
"1949-04-01",14.1973,23.92,5.3
"1949-05-01",14.0017,23.91,6.1
"1949-06-01",13.9737,23.92,6.2
"1949-07-01",13.9458,23.7,6.7
"1949-08-01",14.0855,23.7,6.8
"1949-09-01",14.2253,23.75,6.6
"1949-10-01",13.6943,23.67,7.9
"1949-11-01",14.0576,23.7,6.4
"1949-12-01",14.3091,23.61,6.6
"1950-01-01",14.5606,23.51,6.5
"1950-02-01",14.6165,23.61,6.4
"1950-03-01",15.0916,23.64,6.3
"1950-04-01",15.5947,23.65,5.8
"1950-05-01",15.958,23.77,5.5
"1950-06-01",16.4331,23.88,5.4
"1950-07-01",16.9641,24.07,5.0
"1950-08-01",17.4951,24.2,4.5
"1950-09-01",17.3833,24.34,4.4
"1950-10-01",17.4951,24.5,4.2
"1950-11-01",17.4672,24.6,4.2
"1950-12-01",17.7746,24.98,4.3
"1951-01-01",17.8305,25.38,3.7
"1951-02-01",17.9423,25.83,3.4
"1951-03-01",18.0261,25.88,3.4
"1951-04-01",18.0541,25.92,3.1
"1951-05-01",17.9982,25.99,3.0
"1951-06-01",17.9143,25.93,3.2
"1951-07-01",17.6348,25.91,3.1
"1951-08-01",17.4672,25.86,3.1
"1951-09-01",17.579,26.03,3.3
"1951-10-01",17.551,26.16,3.5
"1951-11-01",17.6907,26.32,3.5
"1951-12-01",17.8025,26.47,3.1
"1952-01-01",17.9982,26.45,3.2
"1952-02-01",18.1099,26.41,3.1
"1952-03-01",18.1659,26.39,2.9
"1952-04-01",17.9982,26.46,2.9
"1952-05-01",17.8305,26.47,3.0
"1952-06-01",17.6628,26.53,3.0
"1952-07-01",17.3833,26.68,3.2
"1952-08-01",18.5012,26.69,3.4
"1952-09-01",19.1719,26.63,3.1
"1952-10-01",19.3676,26.69,3.0
"1952-11-01",19.7589,26.69,2.8
"1952-12-01",19.8706,26.71,2.7
"1953-01-01",19.9265,26.64,2.9
"1953-02-01",20.0383,26.59,2.6
"1953-03-01",20.206,26.63,2.6
"1953-04-01",20.2899,26.69,2.7
"1953-05-01",20.4016,26.7,2.5
"1953-06-01",20.3178,26.77,2.5
"1953-07-01",20.5693,26.79,2.6
"1953-08-01",20.4575,26.85,2.7
"1953-09-01",20.0383,26.89,2.9
"1953-10-01",19.8706,26.95,3.1
"1953-11-01",19.3955,26.85,3.5
"1953-12-01",18.9204,26.87,4.5
"1954-01-01",18.7807,26.94,4.9
"1954-02-01",18.8366,26.99,5.2
"1954-03-01",18.7248,26.93,5.7
"1954-04-01",18.613,26.86,5.9
"1954-05-01",18.7248,26.93,5.9
"1954-06-01",18.7807,26.94,5.6
"1954-07-01",18.8086,26.86,5.8
"1954-08-01",18.7807,26.85,6.0
"1954-09-01",18.8086,26.81,6.1
"1954-10-01",19.0322,26.72,5.7
"1954-11-01",19.3396,26.78,5.3
"1954-12-01",19.5912,26.77,5.0
"1955-01-01",20.0383,26.77,4.9
"1955-02-01",20.2898,26.82,4.7
"1955-03-01",20.7649,26.79,4.6
"1955-04-01",21.0165,26.79,4.7
"1955-05-01",21.3518,26.77,4.3
"1955-06-01",21.3798,26.71,4.2
"1955-07-01",21.5475,26.76,4.0
"1955-08-01",21.5195,26.72,4.2
"1955-09-01",21.6593,26.85,4.1
"1955-10-01",22.0226,26.82,4.3
"1955-11-01",22.0785,26.88,4.2
"1955-12-01",22.1623,26.87,4.2
"1956-01-01",22.3021,26.83,4.0
"1956-02-01",22.1064,26.86,3.9
"1956-03-01",22.1064,26.89,4.2
"1956-04-01",22.2741,26.93,4.0
"1956-05-01",22.0785,27.03,4.3
"1956-06-01",21.8829,27.15,4.3
"1956-07-01",21.2121,27.29,4.4
"1956-08-01",22.0785,27.31,4.1
"1956-09-01",22.5815,27.35,3.9
"1956-10-01",22.7772,27.51,3.9
"1956-11-01",22.5815,27.51,4.3
"1956-12-01",22.9169,27.63,4.2
"1957-01-01",22.8331,27.67,4.2
"1957-02-01",23.0567,27.8,3.9
"1957-03-01",23.0287,27.86,3.7
"1957-04-01",22.7213,27.93,3.9
"1957-05-01",22.6374,28.0,4.1
"1957-06-01",22.6933,28.11,4.3
"1957-07-01",22.8331,28.19,4.2
"1957-08-01",22.8331,28.28,4.1
"1957-09-01",22.6375,28.32,4.4
"1957-10-01",22.3021,28.32,4.5
"1957-11-01",21.7711,28.41,5.1
"1957-12-01",21.3518,28.47,5.2
"1958-01-01",20.9606,28.64,5.8
"1958-02-01",20.5134,28.7,6.4
"1958-03-01",20.2619,28.87,6.7
"1958-04-01",19.9265,28.94,7.4
"1958-05-01",20.1222,28.94,7.4
"1958-06-01",20.6532,28.91,7.3
"1958-07-01",20.9606,28.89,7.5
"1958-08-01",21.3798,28.94,7.4
"1958-09-01",21.5754,28.91,7.1
"1958-10-01",21.827,28.91,6.7
"1958-11-01",22.4698,28.95,6.2
"1958-12-01",22.4977,28.97,6.2
"1959-01-01",22.8331,29.01,6.0
"1959-02-01",23.2802,29.0,5.9
"1959-03-01",23.6156,28.97,5.6
"1959-04-01",24.1186,28.98,5.2
"1959-05-01",24.482,29.04,5.1
"1959-06-01",24.5099,29.11,5.0
"1959-07-01",23.923,29.15,5.1
"1959-08-01",23.1125,29.18,5.2
"1959-09-01",23.0846,29.25,5.5
"1959-10-01",22.9169,29.35,5.7
"1959-11-01",23.0567,29.35,5.8
"1959-12-01",24.482,29.41,5.3
"1960-01-01",25.1248,29.37,5.2
"1960-02-01",24.9012,29.41,4.8
"1960-03-01",24.6776,29.41,5.4
"1960-04-01",24.482,29.54,5.2
"1960-05-01",24.454,29.57,5.1
"1960-06-01",24.1466,29.61,5.4
"1960-07-01",24.0628,29.55,5.5
"1960-08-01",24.0348,29.61,5.6
"1960-09-01",23.7833,29.61,5.5
"1960-10-01",23.7554,29.75,6.1
"1960-11-01",23.42,29.78,6.1
"1960-12-01",22.9728,29.81,6.6
"1961-01-01",23.0008,29.84,6.6
"1961-02-01",22.9728,29.84,6.9
"1961-03-01",23.1126,29.84,6.9
"1961-04-01",23.5877,29.81,7.0
"1961-05-01",23.951,29.84,7.1
"1961-06-01",24.2864,29.84,6.9
"1961-07-01",24.5658,29.92,7.0
"1961-08-01",24.7894,29.94,6.6
"1961-09-01",24.7615,29.98,6.7
"1961-10-01",25.2366,29.98,6.5
"1961-11-01",25.6278,29.98,6.1
"1961-12-01",25.8514,30.01,6.0
"1962-01-01",25.6278,30.04,5.8
"1962-02-01",26.047,30.11,5.5
"1962-03-01",26.1868,30.17,5.6
"1962-04-01",26.2427,30.21,5.6
"1962-05-01",26.2147,30.24,5.5
"1962-06-01",26.1588,30.21,5.5
"1962-07-01",26.4103,30.22,5.4
"1962-08-01",26.4383,30.28,5.7
"1962-09-01",26.606,30.42,5.6
"1962-10-01",26.6339,30.38,5.4
"1962-11-01",26.7457,30.38,5.7
"1962-12-01",26.7457,30.38,5.5
"1963-01-01",26.9413,30.44,5.7
"1963-02-01",27.2488,30.48,5.9
"1963-03-01",27.4165,30.51,5.7
"1963-04-01",27.668,30.48,5.7
"1963-05-01",28.0034,30.51,5.9
"1963-06-01",28.0872,30.61,5.6
"1963-07-01",27.9754,30.69,5.6
"1963-08-01",28.0313,30.75,5.4
"1963-09-01",28.3108,30.72,5.5
"1963-10-01",28.5064,30.75,5.5
"1963-11-01",28.6461,30.78,5.7
"1963-12-01",28.5902,30.88,5.5
"1964-01-01",28.8418,30.94,5.6
"1964-02-01",29.0374,30.91,5.4
"1964-03-01",29.0374,30.94,5.4
"1964-04-01",29.5125,30.95,5.3
"1964-05-01",29.6802,30.98,5.1
"1964-06-01",29.7641,31.01,5.2
"1964-07-01",29.9597,31.02,4.9
"1964-08-01",30.1553,31.05,5.0
"1964-09-01",30.2671,31.08,5.1
"1964-10-01",29.8479,31.12,5.1
"1964-11-01",30.7702,31.21,4.8
"1964-12-01",31.1335,31.25,5.0
"1965-01-01",31.4688,31.28,4.9
"1965-02-01",31.6645,31.28,5.1
"1965-03-01",32.0837,31.31,4.7
"1965-04-01",32.2234,31.38,4.8
"1965-05-01",32.4749,31.48,4.6
"1965-06-01",32.7265,31.61,4.6
"1965-07-01",33.0339,31.58,4.4
"1965-08-01",33.1736,31.55,4.4
"1965-09-01",33.2575,31.62,4.3
"1965-10-01",33.5929,31.65,4.2
"1965-11-01",33.7326,31.75,4.1
"1965-12-01",34.1518,31.85,4.0
"1966-01-01",34.4872,31.88,4.0
"1966-02-01",34.7108,32.08,3.8
"1966-03-01",35.1858,32.18,3.8
"1966-04-01",35.2418,32.28,3.8
"1966-05-01",35.5771,32.35,3.9
"1966-06-01",35.7448,32.38,3.8
"1966-07-01",35.9404,32.45,3.8
"1966-08-01",35.9684,32.65,3.8
"1966-09-01",36.3037,32.75,3.7
"1966-10-01",36.5553,32.85,3.7
"1966-11-01",36.3037,32.88,3.6
"1966-12-01",36.3876,32.92,3.8
"1967-01-01",36.5592,32.9,3.9
"1967-02-01",36.1446,33.0,3.8
"1967-03-01",35.9409,33.0,3.8
"1967-04-01",36.2798,33.1,3.8
"1967-05-01",35.9633,33.1,3.8
"1967-06-01",35.9588,33.3,3.9
"1967-07-01",35.8769,33.4,3.8
"1967-08-01",36.5643,33.5,3.8
"1967-09-01",36.5049,33.6,3.8
"1967-10-01",36.8022,33.7,4.0
"1967-11-01",37.3285,33.9,3.9
"1967-12-01",37.7306,34.0,3.8
"1968-01-01",37.69,34.1,3.7
"1968-02-01",37.825,34.2,3.8
"1968-03-01",37.9431,34.3,3.7
"1968-04-01",37.998,34.4,3.5
"1968-05-01",38.4243,34.5,3.5
"1968-06-01",38.5654,34.7,3.7
"1968-07-01",38.5063,34.9,3.7
"1968-08-01",38.6137,35.0,3.5
"1968-09-01",38.76,35.1,3.4
"1968-10-01",38.8369,35.3,3.4
"1968-11-01",39.3393,35.4,3.4
"1968-12-01",39.4635,35.6,3.4
"1969-01-01",39.7023,35.7,3.4
"1969-02-01",39.9563,35.8,3.4
"1969-03-01",40.2697,36.1,3.4
"1969-04-01",40.1215,36.3,3.4
"1969-05-01",39.9698,36.4,3.4
"1969-06-01",40.3603,36.6,3.5
"1969-07-01",40.5734,36.8,3.5
"1969-08-01",40.6666,36.9,3.5
"1969-09-01",40.6575,37.1,3.7
"1969-10-01",40.6694,37.3,3.7
"1969-11-01",40.286,37.5,3.5
"1969-12-01",40.1779,37.7,3.5
"1970-01-01",39.4339,37.9,3.9
"1970-02-01",39.4079,38.1,4.2
"1970-03-01",39.3568,38.3,4.4
"1970-04-01",39.2556,38.5,4.6
"1970-05-01",39.2098,38.6,4.8
"1970-06-01",39.083,38.8,4.9
"1970-07-01",39.179,38.9,5.0
"1970-08-01",39.1091,39.0,5.1
"1970-09-01",38.8395,39.2,5.4
"1970-10-01",38.0626,39.4,5.5
"1970-11-01",37.832,39.6,5.9
"1970-12-01",38.7009,39.8,6.1
"1971-01-01",38.9985,39.9,5.9
"1971-02-01",38.9242,39.9,5.9
"1971-03-01",38.8821,40.0,6.0
"1971-04-01",39.1004,40.1,5.9
"1971-05-01",39.2988,40.3,5.9
"1971-06-01",39.4636,40.5,5.9
"1971-07-01",39.3491,40.6,6.0
"1971-08-01",39.1207,40.7,6.1
"1971-09-01",39.7565,40.8,6.0
"1971-10-01",40.0541,40.9,5.8
"1971-11-01",40.2241,41.0,6.0
"1971-12-01",40.6885,41.1,6.0
"1972-01-01",41.6674,41.2,5.8
"1972-02-01",42.0593,41.4,5.7
"1972-03-01",42.365,41.4,5.8
"1972-04-01",42.8077,41.5,5.7
"1972-05-01",42.7839,41.6,5.7
"1972-06-01",42.9067,41.7,5.7
"1972-07-01",42.8959,41.8,5.6
"1972-08-01",43.4599,41.9,5.6
"1972-09-01",43.7894,42.1,5.5
"1972-10-01",44.3815,42.2,5.6
"1972-11-01",44.8983,42.4,5.3
"1972-12-01",45.4161,42.5,5.2
"1973-01-01",45.7117,42.7,4.9
"1973-02-01",46.3961,43.0,5.0
"1973-03-01",46.4116,43.4,4.9
"1973-04-01",46.3434,43.7,5.0
"1973-05-01",46.6398,43.9,4.9
"1973-06-01",46.6735,44.2,4.9
"1973-07-01",46.8713,44.2,4.8
"1973-08-01",46.7924,45.0,4.8
"1973-09-01",47.2118,45.2,4.8
"1973-10-01",47.5257,45.6,4.6
"1973-11-01",47.7757,45.9,4.8
"1973-12-01",47.6644,46.3,4.9
"1974-01-01",47.3282,46.8,5.1
"1974-02-01",47.1853,47.3,5.2
"1974-03-01",47.1963,47.8,5.1
"1974-04-01",47.0514,48.1,5.1
"1974-05-01",47.4078,48.6,5.1
"1974-06-01",47.3559,49.0,5.4
"1974-07-01",47.3768,49.3,5.5
"1974-08-01",46.913,49.9,5.5
"1974-09-01",46.9406,50.6,5.9
"1974-10-01",46.7581,51.0,6.0
"1974-11-01",45.2208,51.5,6.6
"1974-12-01",43.6268,51.9,7.2
"1975-01-01",43.023,52.3,8.1
"1975-02-01",42.0254,52.6,8.1
"1975-03-01",41.5778,52.8,8.6
"1975-04-01",41.6247,53.0,8.8
"1975-05-01",41.5252,53.1,9.0
"1975-06-01",41.8018,53.5,8.8
"1975-07-01",42.1962,54.0,8.6
"1975-08-01",42.6469,54.2,8.4
"1975-09-01",43.175,54.6,8.4
"1975-10-01",43.3625,54.9,8.4
"1975-11-01",43.4591,55.3,8.3
"1975-12-01",44.0037,55.6,8.2
"1976-01-01",44.6407,55.8,7.9
"1976-02-01",45.0747,55.9,7.7
"1976-03-01",45.1305,56.0,7.6
"1976-04-01",45.388,56.1,7.7
"1976-05-01",45.5894,56.4,7.4
"1976-06-01",45.6043,56.7,7.6
"1976-07-01",45.8667,57.0,7.8
"1976-08-01",46.1864,57.3,7.8
"1976-09-01",46.321,57.6,7.6
"1976-10-01",46.3377,57.9,7.7
"1976-11-01",47.0147,58.1,7.8
"1976-12-01",47.5003,58.4,7.8
"1977-01-01",47.2466,58.7,7.5
"1977-02-01",47.9586,59.3,7.6
"1977-03-01",48.5722,59.6,7.4
"1977-04-01",49.0085,60.0,7.2
"1977-05-01",49.4381,60.2,7.0
"1977-06-01",49.7959,60.5,7.2
"1977-07-01",49.8796,60.8,6.9
"1977-08-01",49.8844,61.1,7.0
"1977-09-01",50.1229,61.3,6.8
"1977-10-01",50.2237,61.6,6.8
"1977-11-01",50.2701,62.0,6.8
"1977-12-01",50.3455,62.3,6.4
"1978-01-01",49.6549,62.7,6.4
"1978-02-01",49.8992,63.0,6.3
"1978-03-01",50.8435,63.4,6.3
"1978-04-01",51.909,63.9,6.1
"1978-05-01",52.0934,64.5,6.0
"1978-06-01",52.4516,65.0,5.9
"1978-07-01",52.4357,65.5,6.2
"1978-08-01",52.6267,65.9,5.9
"1978-09-01",52.7607,66.5,6.0
"1978-10-01",53.1901,67.1,5.8
"1978-11-01",53.5886,67.5,5.9
"1978-12-01",53.8859,67.9,6.0
"1979-01-01",53.5378,68.5,5.9
"1979-02-01",53.8224,69.2,5.9
"1979-03-01",53.9904,69.9,5.8
"1979-04-01",53.4052,70.6,5.8
"1979-05-01",53.811,71.4,5.6
"1979-06-01",53.804,72.2,5.7
"1979-07-01",53.7381,73.0,5.7
"1979-08-01",53.3731,73.7,6.0
"1979-09-01",53.431,74.4,5.9
"1979-10-01",53.7136,75.2,6.0
"1979-11-01",53.6597,76.0,5.9
"1979-12-01",53.7087,76.9,6.0
"1980-01-01",53.9628,78.0,6.3
"1980-02-01",53.9815,79.0,6.3
"1980-03-01",53.8006,80.1,6.3
"1980-04-01",52.7031,80.9,6.9
"1980-05-01",51.4325,81.7,7.5
"1980-06-01",50.8002,82.5,7.6
"1980-07-01",50.4013,82.6,7.8
"1980-08-01",50.5944,83.2,7.7
"1980-09-01",51.4172,83.9,7.5
"1980-10-01",52.054,84.7,7.5
"1980-11-01",52.9626,85.6,7.5
"1980-12-01",53.2684,86.4,7.2
"1981-01-01",52.9637,87.2,7.5
"1981-02-01",52.7111,88.0,7.4
"1981-03-01",53.0006,88.6,7.4
"1981-04-01",52.7672,89.1,7.2
"1981-05-01",53.0743,89.7,7.5
"1981-06-01",53.3261,90.5,7.5
"1981-07-01",53.6592,91.5,7.2
"1981-08-01",53.6472,92.2,7.4
"1981-09-01",53.3276,93.1,7.6
"1981-10-01",52.9431,93.4,7.9
"1981-11-01",52.3413,93.8,8.3
"1981-12-01",51.7685,94.1,8.5
"1982-01-01",50.734,94.4,8.6
"1982-02-01",51.7409,94.7,8.9
"1982-03-01",51.3586,94.7,9.0
"1982-04-01",50.8993,95.0,9.3
"1982-05-01",50.5912,95.9,9.4
"1982-06-01",50.4356,97.0,9.6
"1982-07-01",50.2788,97.5,9.8
"1982-08-01",49.8402,97.7,9.8
"1982-09-01",49.6942,97.7,10.1
"1982-10-01",49.2435,98.1,10.4
"1982-11-01",49.05,98.0,10.8
"1982-12-01",48.6945,97.7,10.8
"1983-01-01",49.6344,97.9,10.4
"1983-02-01",49.3217,98.0,10.4
"1983-03-01",49.727,98.1,10.3
"1983-04-01",50.3144,98.8,10.2
"1983-05-01",50.6715,99.2,10.1
"1983-06-01",50.973,99.4,10.1
"1983-07-01",51.7541,99.8,9.4
"1983-08-01",52.3131,100.1,9.5
"1983-09-01",53.0966,100.4,9.2
"1983-10-01",53.5405,100.8,8.8
"1983-11-01",53.7244,101.1,8.5
"1983-12-01",54.009,101.4,8.3
"1984-01-01",55.0802,102.1,8.0
"1984-02-01",55.3323,102.6,7.8
"1984-03-01",55.6022,102.9,7.8
"1984-04-01",55.9538,103.3,7.7
"1984-05-01",56.2167,103.5,7.4
"1984-06-01",56.4174,103.7,7.2
"1984-07-01",56.6057,104.1,7.5
"1984-08-01",56.6538,104.4,7.5
"1984-09-01",56.5489,104.7,7.3
"1984-10-01",56.4592,105.1,7.4
"1984-11-01",56.6754,105.3,7.2
"1984-12-01",56.7436,105.5,7.3
"1985-01-01",56.6447,105.7,7.3
"1985-02-01",56.8492,106.3,7.2
"1985-03-01",56.9349,106.8,7.2
"1985-04-01",56.7821,107.0,7.3
"1985-05-01",56.8643,107.2,7.2
"1985-06-01",56.9021,107.5,7.4
"1985-07-01",56.5347,107.7,7.4
"1985-08-01",56.7647,107.9,7.1
"1985-09-01",57.0097,108.1,7.1
"1985-10-01",56.7733,108.5,7.1
"1985-11-01",56.9625,109.0,7.0
"1985-12-01",57.5636,109.5,7.0
"1986-01-01",57.8223,109.9,6.7
"1986-02-01",57.4367,109.7,7.2
"1986-03-01",57.0389,109.1,7.2
"1986-04-01",57.0948,108.7,7.1
"1986-05-01",57.2011,109.0,7.2
"1986-06-01",57.0118,109.4,7.2
"1986-07-01",57.3217,109.5,7.0
"1986-08-01",57.2544,109.6,6.9
"1986-09-01",57.371,110.0,7.0
"1986-10-01",57.6276,110.2,7.0
"1986-11-01",57.9,110.4,6.9
"1986-12-01",58.3863,110.8,6.6
"1987-01-01",58.2024,111.4,6.6
"1987-02-01",58.9506,111.8,6.6
"1987-03-01",59.0498,112.2,6.6
"1987-04-01",59.4256,112.7,6.3
"1987-05-01",59.802,113.0,6.3
"1987-06-01",60.086,113.5,6.2
"1987-07-01",60.4962,113.8,6.1
"1987-08-01",60.9931,114.3,6.0
"1987-09-01",61.1611,114.7,5.9
"1987-10-01",62.0403,115.0,6.0
"1987-11-01",62.3758,115.4,5.8
"1987-12-01",62.6829,115.6,5.7
"1988-01-01",62.7075,116.0,5.7
"1988-02-01",62.9816,116.2,5.7
"1988-03-01",63.1391,116.5,5.7
"1988-04-01",63.4832,117.2,5.4
"1988-05-01",63.4184,117.5,5.6
"1988-06-01",63.5827,118.0,5.4
"1988-07-01",63.6223,118.5,5.4
"1988-08-01",63.8851,119.0,5.6
"1988-09-01",63.704,119.5,5.4
"1988-10-01",64.022,119.9,5.4
"1988-11-01",64.1173,120.3,5.3
"1988-12-01",64.421,120.7,5.3
"1989-01-01",64.6158,121.2,5.4
"1989-02-01",64.3268,121.6,5.2
"1989-03-01",64.4548,122.2,5.0
"1989-04-01",64.527,123.1,5.2
"1989-05-01",64.0662,123.7,5.2
"1989-06-01",64.0963,124.1,5.3
"1989-07-01",63.531,124.5,5.2
"1989-08-01",64.0964,124.5,5.2
"1989-09-01",63.8684,124.8,5.3
"1989-10-01",63.8287,125.4,5.3
"1989-11-01",64.044,125.9,5.4
"1989-12-01",64.4375,126.3,5.4
"1990-01-01",64.001,127.5,5.4
"1990-02-01",64.6509,128.0,5.3
"1990-03-01",64.9757,128.6,5.2
"1990-04-01",64.8976,128.9,5.4
"1990-05-01",65.0068,129.1,5.4
"1990-06-01",65.2286,129.9,5.2
"1990-07-01",65.1543,130.5,5.5
"1990-08-01",65.3528,131.6,5.7
"1990-09-01",65.4459,132.5,5.9
"1990-10-01",64.945,133.4,5.9
"1990-11-01",64.1877,133.7,6.2
"1990-12-01",63.7612,134.2,6.3
"1991-01-01",63.4795,134.7,6.4
"1991-02-01",63.049,134.8,6.6
"1991-03-01",62.7082,134.8,6.8
"1991-04-01",62.8463,135.1,6.7
"1991-05-01",63.4638,135.6,6.9
"1991-06-01",64.0488,136.0,6.9
"1991-07-01",64.1013,136.2,6.8
"1991-08-01",64.1515,136.6,6.9
"1991-09-01",64.7177,137.0,6.9
"1991-10-01",64.6012,137.2,7.0
"1991-11-01",64.5274,137.8,7.0
"1991-12-01",64.2613,138.2,7.3
"1992-01-01",63.8916,138.3,7.3
"1992-02-01",64.3381,138.6,7.4
"1992-03-01",64.902,139.1,7.4
"1992-04-01",65.3746,139.4,7.4
"1992-05-01",65.5902,139.7,7.6
"1992-06-01",65.6132,140.1,7.8
"1992-07-01",66.1891,140.5,7.7
"1992-08-01",65.8651,140.8,7.6
"1992-09-01",66.0268,141.1,7.6
"1992-10-01",66.511,141.7,7.3
"1992-11-01",66.8027,142.1,7.4
"1992-12-01",66.8587,142.3,7.4
"1993-01-01",67.1432,142.8,7.3
"1993-02-01",67.4314,143.1,7.1
"1993-03-01",67.3651,143.3,7.0
"1993-04-01",67.5583,143.8,7.1
"1993-05-01",67.3459,144.2,7.1
"1993-06-01",67.4753,144.3,7.0
"1993-07-01",67.6707,144.5,6.9
"1993-08-01",67.5985,144.8,6.8
"1993-09-01",67.9241,145.0,6.7
"1993-10-01",68.439,145.6,6.8
"1993-11-01",68.7289,146.0,6.6
"1993-12-01",69.0884,146.3,6.5
"1994-01-01",69.3476,146.3,6.6
"1994-02-01",69.3617,146.7,6.6
"1994-03-01",70.0831,147.1,6.5
"1994-04-01",70.4425,147.2,6.4
"1994-05-01",70.824,147.5,6.1
"1994-06-01",71.2811,147.9,6.1
"1994-07-01",71.3953,148.4,6.1
"1994-08-01",71.8011,149.0,6.0
"1994-09-01",72.0617,149.3,5.9
"1994-10-01",72.6829,149.4,5.8
"1994-11-01",73.1379,149.8,5.6
"1994-12-01",73.8818,150.1,5.5
"1995-01-01",74.0142,150.5,5.6
"1995-02-01",73.9247,150.9,5.4
"1995-03-01",74.0284,151.2,5.4
"1995-04-01",74.014,151.8,5.8
"1995-05-01",74.2239,152.1,5.6
"1995-06-01",74.4807,152.4,5.6
"1995-07-01",74.1902,152.6,5.7
"1995-08-01",75.1211,152.9,5.7
"1995-09-01",75.4216,153.1,5.6
"1995-10-01",75.3448,153.5,5.5
"1995-11-01",75.531,153.7,5.6
"1995-12-01",75.8317,153.9,5.6
"1996-01-01",75.3347,154.7,5.6
"1996-02-01",76.5148,155.0,5.5
"1996-03-01",76.4339,155.5,5.5
"1996-04-01",77.1163,156.1,5.6
"1996-05-01",77.695,156.4,5.6
"1996-06-01",78.3435,156.7,5.3
"1996-07-01",78.208,157.0,5.5
"1996-08-01",78.6658,157.2,5.1
"1996-09-01",79.1997,157.7,5.2
"1996-10-01",79.1389,158.2,5.2
"1996-11-01",79.8221,158.7,5.4
"1996-12-01",80.3307,159.1,5.4
"1997-01-01",80.4255,159.4,5.3
"1997-02-01",81.4045,159.7,5.2
"1997-03-01",81.9717,159.8,5.2
"1997-04-01",82.0209,159.9,5.1
"1997-05-01",82.5095,159.9,4.9
"1997-06-01",82.9253,160.2,5.0
"1997-07-01",83.5464,160.4,4.9
"1997-08-01",84.434,160.8,4.8
"1997-09-01",85.1978,161.2,4.9
"1997-10-01",85.9177,161.5,4.7
"1997-11-01",86.6748,161.7,4.6
"1997-12-01",86.9454,161.8,4.7
"1998-01-01",87.3838,162.0,4.6
"1998-02-01",87.482,162.0,4.6
"1998-03-01",87.552,162.0,4.7
"1998-04-01",87.854,162.2,4.3
"1998-05-01",88.4226,162.6,4.4
"1998-06-01",87.8558,162.8,4.5
"1998-07-01",87.5421,163.2,4.5
"1998-08-01",89.3341,163.4,4.5
"1998-09-01",89.1794,163.5,4.6
"1998-10-01",89.8907,163.9,4.5
"1998-11-01",89.8458,164.1,4.4
"1998-12-01",90.1893,164.4,4.4
"1999-01-01",90.6043,164.7,4.3
"1999-02-01",91.0816,164.7,4.4
"1999-03-01",91.235,164.8,4.2
"1999-04-01",91.4677,165.9,4.3
"1999-05-01",92.1525,166.0,4.2
"1999-06-01",92.0042,166.0,4.3
"1999-07-01",92.5769,166.7,4.3
"1999-08-01",92.9517,167.1,4.2
"1999-09-01",92.5954,167.8,4.2
"1999-10-01",93.8128,168.1,4.1
"1999-11-01",94.2587,168.4,4.1
"1999-12-01",94.9777,168.8,4.0
"2000-01-01",94.9864,169.3,4.0
"2000-02-01",95.2576,170.0,4.1
"2000-03-01",95.6407,171.0,4.0
"2000-04-01",96.3318,170.9,3.8
"2000-05-01",96.5139,171.2,4.0
"2000-06-01",96.5856,172.2,4.0
"2000-07-01",96.4624,172.7,4.0
"2000-08-01",96.1414,172.7,4.1
"2000-09-01",96.5318,173.6,3.9
"2000-10-01",96.2532,173.9,3.9
"2000-11-01",96.2769,174.2,3.9
"2000-12-01",96.0165,174.6,3.9
"2001-01-01",95.3542,175.6,4.2
"2001-02-01",94.7736,176.0,4.2
"2001-03-01",94.5456,176.1,4.3
"2001-04-01",94.3111,176.4,4.4
"2001-05-01",93.6876,177.3,4.3
"2001-06-01",93.1114,177.7,4.5
"2001-07-01",92.586,177.4,4.6
"2001-08-01",92.4101,177.4,4.9
"2001-09-01",92.0924,178.1,5.0
"2001-10-01",91.6854,177.6,5.3
"2001-11-01",91.2155,177.5,5.5
"2001-12-01",91.2654,177.4,5.7
"2002-01-01",91.7848,177.7,5.7
"2002-02-01",91.8034,178.0,5.7
"2002-03-01",92.5295,178.5,5.7
"2002-04-01",92.9204,179.3,5.9
"2002-05-01",93.2998,179.5,5.8
"2002-06-01",94.1905,179.6,5.8
"2002-07-01",93.9664,180.0,5.8
"2002-08-01",93.9897,180.5,5.7
"2002-09-01",94.1275,180.8,5.7
"2002-10-01",93.7988,181.2,5.7
"2002-11-01",94.2885,181.5,5.9
"2002-12-01",93.8334,181.8,6.0
"2003-01-01",94.3584,182.6,5.8
"2003-02-01",94.6468,183.6,5.9
"2003-03-01",94.4394,183.9,5.9
"2003-04-01",93.764,183.2,6.0
"2003-05-01",93.7793,182.9,6.1
"2003-06-01",93.9277,183.1,6.3
"2003-07-01",94.3114,183.7,6.2
"2003-08-01",94.138,184.5,6.1
"2003-09-01",94.7363,185.1,6.1
"2003-10-01",94.8514,184.9,6.0
"2003-11-01",95.6337,185.0,5.8
"2003-12-01",95.5638,185.5,5.7
"2004-01-01",95.7472,186.3,5.7
"2004-02-01",96.3214,186.7,5.6
"2004-03-01",95.8684,187.1,5.8
"2004-04-01",96.2677,187.4,5.6
"2004-05-01",97.0723,188.2,5.6
"2004-06-01",96.2562,188.9,5.6
"2004-07-01",97.0032,189.1,5.5
"2004-08-01",97.0723,189.2,5.4
"2004-09-01",97.1565,189.8,5.4
"2004-10-01",98.0701,190.8,5.5
"2004-11-01",98.2541,191.7,5.4
"2004-12-01",98.9703,191.7,5.4
"2005-01-01",99.417,191.6,5.3
"2005-02-01",100.0955,192.4,5.4
"2005-03-01",99.9283,193.1,5.2
"2005-04-01",100.0742,193.7,5.2
"2005-05-01",100.2414,193.6,5.1
"2005-06-01",100.6437,193.7,5.0
"2005-07-01",100.3278,194.9,5.0
"2005-08-01",100.5151,196.1,4.9
"2005-09-01",98.6063,198.8,5.0
"2005-10-01",99.8695,199.1,5.0
"2005-11-01",100.9014,198.1,5.0
"2005-12-01",101.4873,198.1,4.9
"2006-01-01",101.6088,199.3,4.7
"2006-02-01",101.6839,199.4,4.8
"2006-03-01",101.8522,199.7,4.7
"2006-04-01",102.2952,200.7,4.7
"2006-05-01",102.1531,201.3,4.6
"2006-06-01",102.522,201.8,4.6
"2006-07-01",102.5057,202.9,4.7
"2006-08-01",102.8357,203.8,4.7
"2006-09-01",102.6606,202.8,4.5
"2006-10-01",102.6297,201.9,4.4
"2006-11-01",102.539,202.0,4.5
"2006-12-01",103.6229,203.1,4.4
"2007-01-01",103.1171,203.437,4.6
"2007-02-01",104.172,204.226,4.5
"2007-03-01",104.3501,205.288,4.4
"2007-04-01",105.0975,205.904,4.5
"2007-05-01",105.1436,206.755,4.4
"2007-06-01",105.1474,207.234,4.6
"2007-07-01",105.1149,207.603,4.7
"2007-08-01",105.3166,207.667,4.6
"2007-09-01",105.6629,208.547,4.7
"2007-10-01",105.1595,209.19,4.7
"2007-11-01",105.729,210.834,4.7
"2007-12-01",105.7256,211.445,5.0
"2008-01-01",105.4069,212.174,5.0
"2008-02-01",105.054,212.687,4.9
"2008-03-01",104.7987,213.448,5.1
"2008-04-01",104.0207,213.942,5.0
"2008-05-01",103.4941,215.208,5.4
"2008-06-01",103.3216,217.463,5.6
"2008-07-01",102.7625,219.016,5.8
"2008-08-01",101.2245,218.69,6.1
"2008-09-01",96.8689,218.877,6.1
"2008-10-01",97.7617,216.995,6.5
"2008-11-01",96.5572,213.153,6.8
"2008-12-01",93.7183,211.398,7.3
"2009-01-01",91.5058,211.933,7.8
"2009-02-01",90.934,212.705,8.3
"2009-03-01",89.5012,212.495,8.7
"2009-04-01",88.7058,212.709,9.0
"2009-05-01",87.7758,213.022,9.4
"2009-06-01",87.4125,214.79,9.5
"2009-07-01",88.3209,214.726,9.5
"2009-08-01",89.2996,215.445,9.6
"2009-09-01",89.9908,215.861,9.8
"2009-10-01",90.2527,216.509,10.0
"2009-11-01",90.6331,217.234,9.9
"2009-12-01",90.8895,217.347,9.9
"2010-01-01",91.9065,217.488,9.8
"2010-02-01",92.2135,217.281,9.8
"2010-03-01",92.8133,217.353,9.9
"2010-04-01",93.1984,217.403,9.9
"2010-05-01",94.6492,217.29,9.6
"2010-06-01",94.8328,217.199,9.4
"2010-07-01",95.2539,217.605,9.4
"2010-08-01",95.6092,217.923,9.5
"2010-09-01",95.8794,218.275,9.5
"2010-10-01",95.6362,219.035,9.4
"2010-11-01",95.7002,219.59,9.8
"2010-12-01",96.4959,220.472,9.3
"2011-01-01",96.4283,221.187,9.1
"2011-02-01",96.0111,221.898,9.0
"2011-03-01",96.8407,223.046,9.0
"2011-04-01",96.4337,224.093,9.1
"2011-05-01",96.6227,224.806,9.0
"2011-06-01",96.8573,224.806,9.1
"2011-07-01",97.3169,225.395,9.0
"2011-08-01",97.7956,226.106,9.0
"2011-09-01",97.7474,226.597,9.0
"2011-10-01",98.4096,226.75,8.8
"2011-11-01",98.281,227.169,8.6
"2011-12-01",98.6739,227.223,8.5
